start_time,end_time,source_class,source_class_specific
2018.08.03T17:00:00.000,2018.08.03T17:30:00.000,Anthropogenic,Aiguns
2018.08.03T18:13:00.000,2018.08.03T18:48:00.000,Anthropogenic,Aiguns
2018.08.03T20:35:00.000,2018.08.03T21:12:00.000,Anthropogenic,Aiguns
2018.08.03T22:59:00.000,2018.08.03T23:17:00.000,Anthropogenic,Aiguns
2018.08.04T06:48:00.000,2018.08.04T07:01:00.000,Anthropogenic,Aiguns
2018.08.04T09:00:00.000,2018.08.04T09:33:00.000,Anthropogenic,Aiguns
2018.08.04T12:42:00.000,2018.08.04T13:12:00.000,Anthropogenic,Aiguns
2018.08.04T13:57:00.000,2018.08.04T14:34:00.000,Anthropogenic,Aiguns
2018.08.04T16:24:00.000,2018.08.04T16:56:00.000,Anthropogenic,Aiguns
2018.08.04T17:52:00.000,2018.08.04T18:25:00.000,Anthropogenic,Aiguns
2018.08.04T19:05:00.000,2018.08.04T19:41:00.000,Anthropogenic,Aiguns
2018.08.04T20:22:00.000,2018.08.04T20:47:00.000,Anthropogenic,Aiguns
2018.08.05T13:19:00.000,2018.08.05T13:34:00.000,Anthropogenic,Aiguns
2018.08.05T14:12:00.000,2018.08.05T14:42:00.000,Anthropogenic,Aiguns
2018.08.05T15:36:00.000,2018.08.05T16:19:00.000,Anthropogenic,Aiguns
2018.08.05T16:45:00.000,2018.08.05T17:00:00.000,Anthropogenic,Aiguns
2018.08.05T17:10:00.000,2018.08.05T17:21:00.000,Anthropogenic,Aiguns
2018.08.06T01:42:00.000,2018.08.06T01:49:00.000,Anthropogenic,Aiguns
2018.08.07T05:28:00.000,2018.08.07T05:52:00.000,Anthropogenic,Aiguns
2018.08.07T06:54:00.000,2018.08.07T07:20:00.000,Anthropogenic,Aiguns
2018.08.07T08:21:00.000,2018.08.07T08:49:00.000,Anthropogenic,Aiguns
2018.08.07T09:33:00.000,2018.08.07T09:57:00.000,Anthropogenic,Aiguns
2018.08.07T12:31:00.000,2018.08.07T13:10:00.000,Anthropogenic,Aiguns
2018.08.07T14:28:00.000,2018.08.07T14:35:00.000,Anthropogenic,Aiguns
2018.08.07T15:18:00.000,2018.08.07T15:55:00.000,Anthropogenic,Aiguns
2018.08.07T16:52:00.000,2018.08.07T17:23:00.000,Anthropogenic,Aiguns
2018.08.07T19:44:00.000,2018.08.07T19:54:00.000,Anthropogenic,Aiguns
2018.08.07T21:26:00.000,2018.08.07T21:36:00.000,Anthropogenic,Aiguns
2018.08.07T22:36:00.000,2018.08.07T22:38:00.000,Anthropogenic,Aiguns
2018.08.08T00:18:00.000,2018.08.08T00:25:00.000,Anthropogenic,Aiguns
2018.08.08T01:27:00.000,2018.08.08T01:49:00.000,Anthropogenic,Aiguns
2018.08.08T02:44:00.000,2018.08.08T03:21:00.000,Anthropogenic,Aiguns
2018.08.08T04:15:00.000,2018.08.08T04:32:00.000,Anthropogenic,Aiguns
2018.08.08T05:20:00.000,2018.08.08T05:59:00.000,Anthropogenic,Aiguns
2018.08.08T06:41:00.000,2018.08.08T07:12:00.000,Anthropogenic,Aiguns
2018.08.08T07:52:00.000,2018.08.08T08:30:00.000,Anthropogenic,Aiguns
2018.08.08T09:03:00.000,2018.08.08T09:31:00.000,Anthropogenic,Aiguns
2018.08.08T10:15:00.000,2018.08.08T10:56:00.000,Anthropogenic,Aiguns
2018.08.08T12:34:00.000,2018.08.08T13:20:00.000,Anthropogenic,Aiguns
2018.08.08T13:52:00.000,2018.08.08T14:23:00.000,Anthropogenic,Aiguns
2018.08.08T15:02:00.000,2018.08.08T15:31:00.000,Anthropogenic,Aiguns
2018.08.08T17:39:00.000,2018.08.08T18:18:00.000,Anthropogenic,Aiguns
2018.08.08T20:01:00.000,2018.08.08T20:44:00.000,Anthropogenic,Aiguns
2018.08.08T22:30:00.000,2018.08.08T22:52:00.000,Anthropogenic,Aiguns
2018.08.10T08:44:00.000,2018.08.10T09:23:00.000,Anthropogenic,Aiguns
2018.08.13T07:22:00.000,2018.08.13T07:29:00.000,Anthropogenic,Aiguns
2018.08.13T13:03:00.000,2018.08.13T13:56:00.000,Anthropogenic,Aiguns
2018.08.13T16:48:00.000,2018.08.13T17:07:00.000,Anthropogenic,Aiguns
2018.08.13T19:20:00.000,2018.08.13T19:54:00.000,Anthropogenic,Aiguns
2018.08.13T22:09:00.000,2018.08.13T22:52:00.000,Anthropogenic,Aiguns
2018.08.14T00:55:00.000,2018.08.14T01:42:00.000,Anthropogenic,Aiguns
2018.08.14T03:51:00.000,2018.08.14T04:25:00.000,Anthropogenic,Aiguns
2018.08.14T07:03:00.000,2018.08.14T07:12:00.000,Anthropogenic,Aiguns
2018.08.14T09:02:00.000,2018.08.14T09:28:00.000,Anthropogenic,Aiguns
2018.08.14T11:42:00.000,2018.08.14T12:28:00.000,Anthropogenic,Aiguns
2018.08.14T14:33:00.000,2018.08.14T15:16:00.000,Anthropogenic,Aiguns
2018.08.14T17:19:00.000,2018.08.14T18:02:00.000,Anthropogenic,Aiguns
2018.08.14T19:57:00.000,2018.08.14T20:43:00.000,Anthropogenic,Aiguns
2018.08.14T22:47:00.000,2018.08.14T23:19:00.000,Anthropogenic,Aiguns
2018.08.15T04:55:00.000,2018.08.15T05:41:00.000,Anthropogenic,Aiguns
2018.08.15T08:45:00.000,2018.08.15T08:47:00.000,Anthropogenic,Aiguns
2018.08.15T11:02:00.000,2018.08.15T11:51:00.000,Anthropogenic,Aiguns
2018.08.15T14:30:00.000,2018.08.15T15:02:00.000,Anthropogenic,Aiguns
2018.08.15T17:34:00.000,2018.08.15T18:13:00.000,Anthropogenic,Aiguns
2018.08.15T20:39:00.000,2018.08.15T21:27:00.000,Anthropogenic,Aiguns
2018.08.15T23:55:00.000,2018.08.15T23:59:00.000,Anthropogenic,Aiguns
2018.08.16T00:00:00.000,2018.08.16T00:36:00.000,Anthropogenic,Aiguns
2018.08.16T03:22:00.000,2018.08.16T03:52:00.000,Anthropogenic,Aiguns
2018.08.16T06:46:00.000,2018.08.16T07:37:00.000,Anthropogenic,Aiguns
2018.08.16T09:52:00.000,2018.08.16T10:42:00.000,Anthropogenic,Aiguns
2018.08.16T12:45:00.000,2018.08.16T13:17:00.000,Anthropogenic,Aiguns
2018.08.16T15:41:00.000,2018.08.16T16:24:00.000,Anthropogenic,Aiguns
2018.08.16T18:35:00.000,2018.08.16T18:44:00.000,Anthropogenic,Aiguns
2018.08.16T22:04:00.000,2018.08.16T22:26:00.000,Anthropogenic,Aiguns
2018.08.17T00:39:00.000,2018.08.17T01:29:00.000,Anthropogenic,Aiguns
2018.08.17T03:43:00.000,2018.08.17T04:00:00.000,Anthropogenic,Aiguns
2018.08.17T06:53:00.000,2018.08.17T07:29:00.000,Anthropogenic,Aiguns
2018.08.24T00:25:00.000,2018.08.24T00:40:00.000,Anthropogenic,Aiguns
2018.08.24T09:39:00.000,2018.08.24T10:01:00.000,Anthropogenic,Aiguns
2018.08.25T02:42:00.000,2018.08.25T03:05:00.000,Anthropogenic,Aiguns
2018.08.25T05:30:00.000,2018.08.25T05:59:00.000,Anthropogenic,Aiguns
2018.08.25T08:35:00.000,2018.08.25T08:41:00.000,Anthropogenic,Aiguns
2018.08.27T20:01:00.000,2018.08.27T20:37:00.000,Anthropogenic,Aiguns
2018.08.27T23:08:00.000,2018.08.27T23:36:00.000,Anthropogenic,Aiguns
2018.08.28T02:23:00.000,2018.08.28T02:33:00.000,Anthropogenic,Aiguns
2018.08.28T04:36:00.000,2018.08.28T05:10:00.000,Anthropogenic,Aiguns
2018.08.28T07:34:00.000,2018.08.28T08:16:00.000,Anthropogenic,Aiguns
2018.08.28T10:47:00.000,2018.08.28T11:18:00.000,Anthropogenic,Aiguns
2018.08.28T14:06:00.000,2018.08.28T14:27:00.000,Anthropogenic,Aiguns
2018.08.28T17:22:00.000,2018.08.28T17:58:00.000,Anthropogenic,Aiguns
2018.08.28T20:35:00.000,2018.08.28T21:14:00.000,Anthropogenic,Aiguns
2018.08.29T02:59:00.000,2018.08.29T03:42:00.000,Anthropogenic,Aiguns
2018.08.29T06:14:00.000,2018.08.29T06:56:00.000,Anthropogenic,Aiguns
2018.08.29T09:41:00.000,2018.08.29T10:10:00.000,Anthropogenic,Aiguns
2018.08.29T13:11:00.000,2018.08.29T13:39:00.000,Anthropogenic,Aiguns
2018.08.29T16:50:00.000,2018.08.29T16:53:00.000,Anthropogenic,Aiguns
2018.08.29T20:14:00.000,2018.08.29T20:57:00.000,Anthropogenic,Aiguns
2018.08.29T23:39:00.000,2018.08.29T23:59:00.000,Anthropogenic,Aiguns
2018.08.30T00:00:00.000,2018.08.30T00:13:00.000,Anthropogenic,Aiguns
2018.07.22T18:53:00.000,2018.07.22T19:27:00.000,Anthropogenic,Vessel noise
2018.07.22T20:02:00.000,2018.07.22T20:36:00.000,Anthropogenic,Vessel noise
2018.07.22T21:00:00.000,2018.07.22T21:38:00.000,Anthropogenic,Vessel noise
2018.07.22T22:10:00.000,2018.07.22T22:48:00.000,Anthropogenic,Vessel noise
2018.07.22T23:08:00.000,2018.07.22T23:48:00.000,Anthropogenic,Vessel noise
2018.07.23T00:17:00.000,2018.07.23T00:55:00.000,Anthropogenic,Vessel noise
2018.07.23T01:13:00.000,2018.07.23T01:53:00.000,Anthropogenic,Vessel noise
2018.07.23T02:23:00.000,2018.07.23T03:00:00.000,Anthropogenic,Vessel noise
2018.07.23T03:18:00.000,2018.07.23T03:58:00.000,Anthropogenic,Vessel noise
2018.07.23T04:30:00.000,2018.07.23T05:09:00.000,Anthropogenic,Vessel noise
2018.07.23T05:29:00.000,2018.07.23T06:08:00.000,Anthropogenic,Vessel noise
2018.07.23T06:42:00.000,2018.07.23T07:16:00.000,Anthropogenic,Vessel noise
2018.07.23T07:40:00.000,2018.07.23T08:19:00.000,Anthropogenic,Vessel noise
2018.07.23T08:51:00.000,2018.07.23T09:28:00.000,Anthropogenic,Vessel noise
2018.07.23T09:49:00.000,2018.07.23T10:29:00.000,Anthropogenic,Vessel noise
2018.07.23T10:58:00.000,2018.07.23T11:35:00.000,Anthropogenic,Vessel noise
2018.07.23T11:55:00.000,2018.07.23T12:39:00.000,Anthropogenic,Vessel noise
2018.07.23T13:10:00.000,2018.07.23T13:54:00.000,Anthropogenic,Vessel noise
2018.07.23T14:13:00.000,2018.07.23T14:57:00.000,Anthropogenic,Vessel noise
2018.07.23T15:30:00.000,2018.07.23T16:13:00.000,Anthropogenic,Vessel noise
2018.07.23T16:34:00.000,2018.07.23T17:18:00.000,Anthropogenic,Vessel noise
2018.07.23T17:52:00.000,2018.07.23T18:36:00.000,Anthropogenic,Vessel noise
2018.07.23T18:56:00.000,2018.07.23T19:44:00.000,Anthropogenic,Vessel noise
2018.07.23T20:18:00.000,2018.07.23T21:00:00.000,Anthropogenic,Vessel noise
2018.07.23T21:21:00.000,2018.07.23T22:04:00.000,Anthropogenic,Vessel noise
2018.07.23T22:39:00.000,2018.07.23T23:25:00.000,Anthropogenic,Vessel noise
2018.07.23T23:45:00.000,2018.07.23T23:59:00.000,Anthropogenic,Vessel noise
2018.07.24T00:00:00.000,2018.07.24T00:29:00.000,Anthropogenic,Vessel noise
2018.07.24T01:09:00.000,2018.07.24T01:53:00.000,Anthropogenic,Vessel noise
2018.07.24T02:12:00.000,2018.07.24T02:57:00.000,Anthropogenic,Vessel noise
2018.07.24T03:41:00.000,2018.07.24T04:25:00.000,Anthropogenic,Vessel noise
2018.07.24T04:48:00.000,2018.07.24T05:33:00.000,Anthropogenic,Vessel noise
2018.07.24T06:23:00.000,2018.07.24T07:07:00.000,Anthropogenic,Vessel noise
2018.07.24T07:28:00.000,2018.07.24T08:11:00.000,Anthropogenic,Vessel noise
2018.07.24T09:01:00.000,2018.07.24T09:46:00.000,Anthropogenic,Vessel noise
2018.07.24T10:06:00.000,2018.07.24T10:51:00.000,Anthropogenic,Vessel noise
2018.07.24T11:47:00.000,2018.07.24T12:32:00.000,Anthropogenic,Vessel noise
2018.07.24T12:55:00.000,2018.07.24T13:41:00.000,Anthropogenic,Vessel noise
2018.07.24T14:38:00.000,2018.07.24T15:07:00.000,Anthropogenic,Vessel noise
2018.07.24T15:46:00.000,2018.07.24T16:26:00.000,Anthropogenic,Vessel noise
2018.07.24T17:21:00.000,2018.07.24T17:52:00.000,Anthropogenic,Vessel noise
2018.07.24T18:30:00.000,2018.07.24T19:14:00.000,Anthropogenic,Vessel noise
2018.07.24T20:14:00.000,2018.07.24T20:56:00.000,Anthropogenic,Vessel noise
2018.07.24T21:18:00.000,2018.07.24T22:03:00.000,Anthropogenic,Vessel noise
2018.07.24T23:06:00.000,2018.07.24T23:48:00.000,Anthropogenic,Vessel noise
2018.07.25T00:12:00.000,2018.07.25T00:56:00.000,Anthropogenic,Vessel noise
2018.07.25T01:57:00.000,2018.07.25T02:40:00.000,Anthropogenic,Vessel noise
2018.07.25T03:02:00.000,2018.07.25T03:47:00.000,Anthropogenic,Vessel noise
2018.07.25T04:50:00.000,2018.07.25T05:32:00.000,Anthropogenic,Vessel noise
2018.07.25T05:55:00.000,2018.07.25T06:39:00.000,Anthropogenic,Vessel noise
2018.07.25T07:34:00.000,2018.07.25T08:16:00.000,Anthropogenic,Vessel noise
2018.07.25T08:36:00.000,2018.07.25T09:21:00.000,Anthropogenic,Vessel noise
2018.07.25T10:21:00.000,2018.07.25T11:05:00.000,Anthropogenic,Vessel noise
2018.07.25T11:29:00.000,2018.07.25T12:14:00.000,Anthropogenic,Vessel noise
2018.07.25T13:05:00.000,2018.07.25T13:46:00.000,Anthropogenic,Vessel noise
2018.07.25T14:11:00.000,2018.07.25T14:54:00.000,Anthropogenic,Vessel noise
2018.07.25T15:43:00.000,2018.07.25T16:23:00.000,Anthropogenic,Vessel noise
2018.07.25T16:48:00.000,2018.07.25T17:35:00.000,Anthropogenic,Vessel noise
2018.07.25T21:01:00.000,2018.07.25T21:40:00.000,Anthropogenic,Vessel noise
2018.07.26T00:53:00.000,2018.07.26T01:23:00.000,Anthropogenic,Vessel noise
2018.07.26T02:10:00.000,2018.07.26T02:50:00.000,Anthropogenic,Vessel noise
2018.07.26T03:14:00.000,2018.07.26T03:59:00.000,Anthropogenic,Vessel noise
2018.07.26T04:47:00.000,2018.07.26T05:29:00.000,Anthropogenic,Vessel noise
2018.07.26T05:50:00.000,2018.07.26T06:33:00.000,Anthropogenic,Vessel noise
2018.07.26T07:22:00.000,2018.07.26T08:05:00.000,Anthropogenic,Vessel noise
2018.07.26T08:26:00.000,2018.07.26T09:11:00.000,Anthropogenic,Vessel noise
2018.07.26T09:56:00.000,2018.07.26T10:39:00.000,Anthropogenic,Vessel noise
2018.07.26T11:01:00.000,2018.07.26T11:47:00.000,Anthropogenic,Vessel noise
2018.07.26T12:33:00.000,2018.07.26T13:12:00.000,Anthropogenic,Vessel noise
2018.07.26T13:41:00.000,2018.07.26T14:24:00.000,Anthropogenic,Vessel noise
2018.07.26T15:12:00.000,2018.07.26T15:53:00.000,Anthropogenic,Vessel noise
2018.07.26T16:17:00.000,2018.07.26T17:02:00.000,Anthropogenic,Vessel noise
2018.07.26T17:49:00.000,2018.07.26T18:31:00.000,Anthropogenic,Vessel noise
2018.07.26T18:52:00.000,2018.07.26T19:37:00.000,Anthropogenic,Vessel noise
2018.07.26T20:25:00.000,2018.07.26T21:06:00.000,Anthropogenic,Vessel noise
2018.07.26T21:30:00.000,2018.07.26T22:16:00.000,Anthropogenic,Vessel noise
2018.07.26T23:09:00.000,2018.07.26T23:51:00.000,Anthropogenic,Vessel noise
2018.07.27T00:13:00.000,2018.07.27T01:00:00.000,Anthropogenic,Vessel noise
2018.07.27T01:59:00.000,2018.07.27T02:41:00.000,Anthropogenic,Vessel noise
2018.07.27T03:04:00.000,2018.07.27T03:48:00.000,Anthropogenic,Vessel noise
2018.07.27T05:05:00.000,2018.07.27T05:23:00.000,Anthropogenic,Vessel noise
2018.07.27T05:47:00.000,2018.07.27T06:33:00.000,Anthropogenic,Vessel noise
2018.07.27T07:27:00.000,2018.07.27T08:12:00.000,Anthropogenic,Vessel noise
2018.07.27T08:32:00.000,2018.07.27T09:18:00.000,Anthropogenic,Vessel noise
2018.07.27T10:15:00.000,2018.07.27T10:58:00.000,Anthropogenic,Vessel noise
2018.07.27T11:21:00.000,2018.07.27T12:07:00.000,Anthropogenic,Vessel noise
2018.07.27T13:03:00.000,2018.07.27T13:45:00.000,Anthropogenic,Vessel noise
2018.07.27T14:07:00.000,2018.07.27T14:55:00.000,Anthropogenic,Vessel noise
2018.07.27T15:59:00.000,2018.07.27T16:39:00.000,Anthropogenic,Vessel noise
2018.07.27T17:05:00.000,2018.07.27T17:51:00.000,Anthropogenic,Vessel noise
2018.07.27T18:47:00.000,2018.07.27T19:24:00.000,Anthropogenic,Vessel noise
2018.07.27T19:55:00.000,2018.07.27T20:38:00.000,Anthropogenic,Vessel noise
2018.07.27T22:43:00.000,2018.07.27T23:20:00.000,Anthropogenic,Vessel noise
2018.07.28T00:15:00.000,2018.07.28T00:57:00.000,Anthropogenic,Vessel noise
2018.07.28T01:28:00.000,2018.07.28T02:13:00.000,Anthropogenic,Vessel noise
2018.07.28T03:07:00.000,2018.07.28T03:50:00.000,Anthropogenic,Vessel noise
2018.07.28T04:11:00.000,2018.07.28T04:57:00.000,Anthropogenic,Vessel noise
2018.07.28T05:53:00.000,2018.07.28T06:36:00.000,Anthropogenic,Vessel noise
2018.07.28T06:57:00.000,2018.07.28T07:43:00.000,Anthropogenic,Vessel noise
2018.07.28T08:22:00.000,2018.07.28T09:05:00.000,Anthropogenic,Vessel noise
2018.07.28T09:26:00.000,2018.07.28T10:11:00.000,Anthropogenic,Vessel noise
2018.07.28T11:52:00.000,2018.07.28T12:37:00.000,Anthropogenic,Vessel noise
2018.07.28T13:06:00.000,2018.07.28T13:47:00.000,Anthropogenic,Vessel noise
2018.07.28T14:10:00.000,2018.07.28T14:57:00.000,Anthropogenic,Vessel noise
2018.07.28T16:31:00.000,2018.07.28T17:15:00.000,Anthropogenic,Vessel noise
2018.07.28T17:47:00.000,2018.07.28T18:29:00.000,Anthropogenic,Vessel noise
2018.07.28T18:52:00.000,2018.07.28T19:38:00.000,Anthropogenic,Vessel noise
2018.07.28T20:02:00.000,2018.07.28T20:44:00.000,Anthropogenic,Vessel noise
2018.07.28T21:08:00.000,2018.07.28T21:54:00.000,Anthropogenic,Vessel noise
2018.07.28T22:15:00.000,2018.07.28T22:56:00.000,Anthropogenic,Vessel noise
2018.07.28T23:22:00.000,2018.07.28T23:59:00.000,Anthropogenic,Vessel noise
2018.07.29T00:00:00.000,2018.07.29T00:03:00.000,Anthropogenic,Vessel noise
2018.07.29T00:24:00.000,2018.07.29T01:05:00.000,Anthropogenic,Vessel noise
2018.07.29T01:29:00.000,2018.07.29T02:16:00.000,Anthropogenic,Vessel noise
2018.07.29T02:39:00.000,2018.07.29T03:21:00.000,Anthropogenic,Vessel noise
2018.07.29T03:43:00.000,2018.07.29T04:29:00.000,Anthropogenic,Vessel noise
2018.07.29T04:52:00.000,2018.07.29T05:34:00.000,Anthropogenic,Vessel noise
2018.07.29T05:55:00.000,2018.07.29T06:40:00.000,Anthropogenic,Vessel noise
2018.07.29T07:04:00.000,2018.07.29T07:47:00.000,Anthropogenic,Vessel noise
2018.07.29T08:08:00.000,2018.07.29T08:54:00.000,Anthropogenic,Vessel noise
2018.07.29T09:13:00.000,2018.07.29T09:53:00.000,Anthropogenic,Vessel noise
2018.07.29T10:17:00.000,2018.07.29T11:02:00.000,Anthropogenic,Vessel noise
2018.07.29T11:24:00.000,2018.07.29T12:07:00.000,Anthropogenic,Vessel noise
2018.07.29T12:29:00.000,2018.07.29T13:15:00.000,Anthropogenic,Vessel noise
2018.07.29T13:38:00.000,2018.07.29T14:14:00.000,Anthropogenic,Vessel noise
2018.07.29T14:43:00.000,2018.07.29T15:26:00.000,Anthropogenic,Vessel noise
2018.07.29T15:52:00.000,2018.07.29T16:18:00.000,Anthropogenic,Vessel noise
2018.07.29T17:05:00.000,2018.07.29T17:40:00.000,Anthropogenic,Vessel noise
2018.07.29T18:04:00.000,2018.07.29T18:46:00.000,Anthropogenic,Vessel noise
2018.07.29T19:09:00.000,2018.07.29T19:56:00.000,Anthropogenic,Vessel noise
2018.07.29T20:21:00.000,2018.07.29T21:01:00.000,Anthropogenic,Vessel noise
2018.07.29T21:26:00.000,2018.07.29T22:11:00.000,Anthropogenic,Vessel noise
2018.07.29T22:35:00.000,2018.07.29T23:16:00.000,Anthropogenic,Vessel noise
2018.07.29T23:44:00.000,2018.07.29T23:59:00.000,Anthropogenic,Vessel noise
2018.07.30T00:00:00.000,2018.07.30T00:25:00.000,Anthropogenic,Vessel noise
2018.07.30T00:49:00.000,2018.07.30T01:23:00.000,Anthropogenic,Vessel noise
2018.07.30T01:53:00.000,2018.07.30T02:38:00.000,Anthropogenic,Vessel noise
2018.07.30T03:05:00.000,2018.07.30T03:45:00.000,Anthropogenic,Vessel noise
2018.07.30T04:11:00.000,2018.07.30T04:58:00.000,Anthropogenic,Vessel noise
2018.07.30T05:24:00.000,2018.07.30T06:01:00.000,Anthropogenic,Vessel noise
2018.07.30T06:34:00.000,2018.07.30T07:16:00.000,Anthropogenic,Vessel noise
2018.07.30T07:45:00.000,2018.07.30T08:18:00.000,Anthropogenic,Vessel noise
2018.07.30T08:50:00.000,2018.07.30T09:33:00.000,Anthropogenic,Vessel noise
2018.07.30T10:11:00.000,2018.07.30T10:50:00.000,Anthropogenic,Vessel noise
2018.07.30T11:14:00.000,2018.07.30T11:59:00.000,Anthropogenic,Vessel noise
2018.07.30T12:40:00.000,2018.07.30T13:15:00.000,Anthropogenic,Vessel noise
2018.07.30T13:45:00.000,2018.07.30T14:31:00.000,Anthropogenic,Vessel noise
2018.07.30T15:09:00.000,2018.07.30T15:45:00.000,Anthropogenic,Vessel noise
2018.07.30T16:42:00.000,2018.07.30T17:00:00.000,Anthropogenic,Vessel noise
2018.07.30T17:47:00.000,2018.07.30T18:25:00.000,Anthropogenic,Vessel noise
2018.07.30T18:52:00.000,2018.07.30T19:38:00.000,Anthropogenic,Vessel noise
2018.07.30T20:39:00.000,2018.07.30T21:23:00.000,Anthropogenic,Vessel noise
2018.07.30T21:45:00.000,2018.07.30T22:32:00.000,Anthropogenic,Vessel noise
2018.07.30T23:43:00.000,2018.07.30T23:59:00.000,Anthropogenic,Vessel noise
2018.07.31T00:00:00.000,2018.07.31T00:28:00.000,Anthropogenic,Vessel noise
2018.07.31T00:49:00.000,2018.07.31T01:34:00.000,Anthropogenic,Vessel noise
2018.07.31T02:37:00.000,2018.07.31T03:20:00.000,Anthropogenic,Vessel noise
2018.07.31T03:44:00.000,2018.07.31T04:29:00.000,Anthropogenic,Vessel noise
2018.07.31T05:28:00.000,2018.07.31T06:11:00.000,Anthropogenic,Vessel noise
2018.07.31T06:33:00.000,2018.07.31T07:20:00.000,Anthropogenic,Vessel noise
2018.07.31T09:30:00.000,2018.07.31T10:15:00.000,Anthropogenic,Vessel noise
2018.07.31T11:19:00.000,2018.07.31T11:56:00.000,Anthropogenic,Vessel noise
2018.07.31T12:26:00.000,2018.07.31T13:14:00.000,Anthropogenic,Vessel noise
2018.07.31T14:22:00.000,2018.07.31T15:06:00.000,Anthropogenic,Vessel noise
2018.07.31T15:28:00.000,2018.07.31T16:15:00.000,Anthropogenic,Vessel noise
2018.07.31T17:23:00.000,2018.07.31T18:06:00.000,Anthropogenic,Vessel noise
2018.07.31T18:29:00.000,2018.07.31T19:15:00.000,Anthropogenic,Vessel noise
2018.07.31T20:22:00.000,2018.07.31T21:05:00.000,Anthropogenic,Vessel noise
2018.07.31T21:32:00.000,2018.07.31T22:16:00.000,Anthropogenic,Vessel noise
2018.07.31T23:33:00.000,2018.07.31T23:59:00.000,Anthropogenic,Vessel noise
2018.08.01T00:00:00.000,2018.08.01T00:16:00.000,Anthropogenic,Vessel noise
2018.08.01T00:39:00.000,2018.08.01T01:26:00.000,Anthropogenic,Vessel noise
2018.08.01T07:22:00.000,2018.08.01T08:09:00.000,Anthropogenic,Vessel noise
2018.08.01T09:53:00.000,2018.08.01T10:13:00.000,Anthropogenic,Vessel noise
2018.08.01T10:38:00.000,2018.08.01T11:26:00.000,Anthropogenic,Vessel noise
2018.08.01T12:42:00.000,2018.08.01T13:23:00.000,Anthropogenic,Vessel noise
2018.08.01T15:56:00.000,2018.08.01T16:25:00.000,Anthropogenic,Vessel noise
2018.08.01T19:05:00.000,2018.08.01T19:36:00.000,Anthropogenic,Vessel noise
2018.08.01T20:33:00.000,2018.08.01T20:56:00.000,Anthropogenic,Vessel noise
2018.08.01T22:17:00.000,2018.08.01T22:59:00.000,Anthropogenic,Vessel noise
2018.08.01T23:23:00.000,2018.08.01T23:59:00.000,Anthropogenic,Vessel noise
2018.08.02T00:00:00.000,2018.08.02T00:10:00.000,Anthropogenic,Vessel noise
2018.08.02T01:27:00.000,2018.08.02T02:07:00.000,Anthropogenic,Vessel noise
2018.08.02T02:35:00.000,2018.08.02T03:20:00.000,Anthropogenic,Vessel noise
2018.08.02T04:28:00.000,2018.08.02T05:12:00.000,Anthropogenic,Vessel noise
2018.08.02T05:36:00.000,2018.08.02T06:22:00.000,Anthropogenic,Vessel noise
2018.08.02T07:25:00.000,2018.08.02T08:07:00.000,Anthropogenic,Vessel noise
2018.08.02T08:32:00.000,2018.08.02T09:17:00.000,Anthropogenic,Vessel noise
2018.08.02T10:40:00.000,2018.08.02T11:01:00.000,Anthropogenic,Vessel noise
2018.08.02T11:25:00.000,2018.08.02T12:09:00.000,Anthropogenic,Vessel noise
2018.08.02T13:07:00.000,2018.08.02T13:49:00.000,Anthropogenic,Vessel noise
2018.08.02T14:12:00.000,2018.08.02T14:57:00.000,Anthropogenic,Vessel noise
2018.08.02T16:53:00.000,2018.08.02T17:40:00.000,Anthropogenic,Vessel noise
2018.08.02T18:23:00.000,2018.08.02T19:06:00.000,Anthropogenic,Vessel noise
2018.08.02T19:37:00.000,2018.08.02T20:23:00.000,Anthropogenic,Vessel noise
2018.08.02T21:02:00.000,2018.08.02T21:46:00.000,Anthropogenic,Vessel noise
2018.08.02T22:09:00.000,2018.08.02T22:55:00.000,Anthropogenic,Vessel noise
2018.08.02T23:31:00.000,2018.08.02T23:59:00.000,Anthropogenic,Vessel noise
2018.08.03T00:00:00.000,2018.08.03T00:15:00.000,Anthropogenic,Vessel noise
2018.08.03T00:36:00.000,2018.08.03T01:23:00.000,Anthropogenic,Vessel noise
2018.08.03T01:59:00.000,2018.08.03T02:43:00.000,Anthropogenic,Vessel noise
2018.08.03T03:06:00.000,2018.08.03T03:51:00.000,Anthropogenic,Vessel noise
2018.08.03T04:29:00.000,2018.08.03T05:14:00.000,Anthropogenic,Vessel noise
2018.08.03T05:34:00.000,2018.08.03T06:20:00.000,Anthropogenic,Vessel noise
2018.08.03T07:01:00.000,2018.08.03T07:44:00.000,Anthropogenic,Vessel noise
2018.08.03T08:05:00.000,2018.08.03T08:52:00.000,Anthropogenic,Vessel noise
2018.08.03T09:34:00.000,2018.08.03T10:17:00.000,Anthropogenic,Vessel noise
2018.08.03T10:38:00.000,2018.08.03T11:25:00.000,Anthropogenic,Vessel noise
2018.08.03T13:08:00.000,2018.08.03T13:53:00.000,Anthropogenic,Vessel noise
2018.08.03T15:36:00.000,2018.08.03T16:24:00.000,Anthropogenic,Vessel noise
2018.08.03T17:00:00.000,2018.08.03T17:42:00.000,Anthropogenic,Vessel noise
2018.08.03T18:05:00.000,2018.08.03T18:48:00.000,Anthropogenic,Vessel noise
2018.08.03T19:26:00.000,2018.08.03T20:07:00.000,Anthropogenic,Vessel noise
2018.08.03T20:27:00.000,2018.08.03T21:13:00.000,Anthropogenic,Vessel noise
2018.08.03T21:47:00.000,2018.08.03T22:29:00.000,Anthropogenic,Vessel noise
2018.08.03T22:52:00.000,2018.08.03T23:40:00.000,Anthropogenic,Vessel noise
2018.08.04T01:22:00.000,2018.08.04T02:09:00.000,Anthropogenic,Vessel noise
2018.08.04T02:45:00.000,2018.08.04T03:28:00.000,Anthropogenic,Vessel noise
2018.08.04T03:49:00.000,2018.08.04T04:36:00.000,Anthropogenic,Vessel noise
2018.08.04T05:12:00.000,2018.08.04T05:56:00.000,Anthropogenic,Vessel noise
2018.08.04T06:17:00.000,2018.08.04T07:01:00.000,Anthropogenic,Vessel noise
2018.08.04T07:42:00.000,2018.08.04T08:22:00.000,Anthropogenic,Vessel noise
2018.08.04T08:45:00.000,2018.08.04T09:33:00.000,Anthropogenic,Vessel noise
2018.08.04T10:10:00.000,2018.08.04T10:53:00.000,Anthropogenic,Vessel noise
2018.08.04T11:15:00.000,2018.08.04T12:02:00.000,Anthropogenic,Vessel noise
2018.08.04T12:42:00.000,2018.08.04T13:25:00.000,Anthropogenic,Vessel noise
2018.08.04T13:46:00.000,2018.08.04T14:34:00.000,Anthropogenic,Vessel noise
2018.08.04T15:15:00.000,2018.08.04T15:57:00.000,Anthropogenic,Vessel noise
2018.08.04T16:20:00.000,2018.08.04T17:08:00.000,Anthropogenic,Vessel noise
2018.08.04T17:52:00.000,2018.08.04T18:35:00.000,Anthropogenic,Vessel noise
2018.08.04T18:58:00.000,2018.08.04T19:43:00.000,Anthropogenic,Vessel noise
2018.08.04T20:22:00.000,2018.08.04T21:06:00.000,Anthropogenic,Vessel noise
2018.08.04T21:27:00.000,2018.08.04T22:12:00.000,Anthropogenic,Vessel noise
2018.08.04T22:57:00.000,2018.08.04T23:42:00.000,Anthropogenic,Vessel noise
2018.08.05T00:02:00.000,2018.08.05T00:52:00.000,Anthropogenic,Vessel noise
2018.08.05T01:45:00.000,2018.08.05T02:25:00.000,Anthropogenic,Vessel noise
2018.08.05T02:48:00.000,2018.08.05T03:38:00.000,Anthropogenic,Vessel noise
2018.08.05T04:31:00.000,2018.08.05T05:17:00.000,Anthropogenic,Vessel noise
2018.08.05T05:39:00.000,2018.08.05T06:25:00.000,Anthropogenic,Vessel noise
2018.08.05T07:22:00.000,2018.08.05T08:07:00.000,Anthropogenic,Vessel noise
2018.08.05T08:29:00.000,2018.08.05T09:16:00.000,Anthropogenic,Vessel noise
2018.08.05T10:08:00.000,2018.08.05T10:51:00.000,Anthropogenic,Vessel noise
2018.08.05T11:12:00.000,2018.08.05T12:00:00.000,Anthropogenic,Vessel noise
2018.08.05T12:54:00.000,2018.08.05T13:37:00.000,Anthropogenic,Vessel noise
2018.08.05T13:59:00.000,2018.08.05T14:46:00.000,Anthropogenic,Vessel noise
2018.08.05T15:35:00.000,2018.08.05T16:19:00.000,Anthropogenic,Vessel noise
2018.08.05T16:41:00.000,2018.08.05T17:27:00.000,Anthropogenic,Vessel noise
2018.08.05T18:23:00.000,2018.08.05T19:03:00.000,Anthropogenic,Vessel noise
2018.08.05T19:36:00.000,2018.08.05T20:16:00.000,Anthropogenic,Vessel noise
2018.08.05T21:15:00.000,2018.08.05T21:53:00.000,Anthropogenic,Vessel noise
2018.08.06T00:00:00.000,2018.08.06T00:45:00.000,Anthropogenic,Vessel noise
2018.08.06T01:07:00.000,2018.08.06T01:55:00.000,Anthropogenic,Vessel noise
2018.08.06T02:46:00.000,2018.08.06T03:30:00.000,Anthropogenic,Vessel noise
2018.08.06T03:52:00.000,2018.08.06T04:38:00.000,Anthropogenic,Vessel noise
2018.08.06T06:29:00.000,2018.08.06T07:15:00.000,Anthropogenic,Vessel noise
2018.08.06T08:01:00.000,2018.08.06T08:45:00.000,Anthropogenic,Vessel noise
2018.08.06T09:07:00.000,2018.08.06T09:54:00.000,Anthropogenic,Vessel noise
2018.08.06T10:38:00.000,2018.08.06T11:21:00.000,Anthropogenic,Vessel noise
2018.08.06T11:44:00.000,2018.08.06T12:31:00.000,Anthropogenic,Vessel noise
2018.08.06T13:15:00.000,2018.08.06T13:58:00.000,Anthropogenic,Vessel noise
2018.08.06T14:22:00.000,2018.08.06T15:08:00.000,Anthropogenic,Vessel noise
2018.08.06T15:52:00.000,2018.08.06T16:38:00.000,Anthropogenic,Vessel noise
2018.08.06T16:59:00.000,2018.08.06T17:46:00.000,Anthropogenic,Vessel noise
2018.08.06T18:30:00.000,2018.08.06T19:15:00.000,Anthropogenic,Vessel noise
2018.08.06T19:38:00.000,2018.08.06T20:24:00.000,Anthropogenic,Vessel noise
2018.08.06T21:10:00.000,2018.08.06T21:55:00.000,Anthropogenic,Vessel noise
2018.08.06T22:16:00.000,2018.08.06T23:02:00.000,Anthropogenic,Vessel noise
2018.08.06T23:56:00.000,2018.08.06T23:59:00.000,Anthropogenic,Vessel noise
2018.08.07T00:00:00.000,2018.08.07T00:38:00.000,Anthropogenic,Vessel noise
2018.08.07T01:03:00.000,2018.08.07T01:51:00.000,Anthropogenic,Vessel noise
2018.08.07T03:46:00.000,2018.08.07T04:34:00.000,Anthropogenic,Vessel noise
2018.08.07T05:28:00.000,2018.08.07T06:10:00.000,Anthropogenic,Vessel noise
2018.08.07T06:35:00.000,2018.08.07T07:20:00.000,Anthropogenic,Vessel noise
2018.08.07T08:17:00.000,2018.08.07T09:02:00.000,Anthropogenic,Vessel noise
2018.08.07T09:24:00.000,2018.08.07T10:12:00.000,Anthropogenic,Vessel noise
2018.08.07T12:21:00.000,2018.08.07T13:10:00.000,Anthropogenic,Vessel noise
2018.08.07T14:03:00.000,2018.08.07T14:47:00.000,Anthropogenic,Vessel noise
2018.08.07T15:11:00.000,2018.08.07T15:57:00.000,Anthropogenic,Vessel noise
2018.08.07T16:52:00.000,2018.08.07T17:33:00.000,Anthropogenic,Vessel noise
2018.08.07T18:10:00.000,2018.08.07T18:48:00.000,Anthropogenic,Vessel noise
2018.08.07T19:44:00.000,2018.08.07T20:27:00.000,Anthropogenic,Vessel noise
2018.08.07T20:51:00.000,2018.08.07T21:38:00.000,Anthropogenic,Vessel noise
2018.08.07T22:36:00.000,2018.08.07T23:20:00.000,Anthropogenic,Vessel noise
2018.08.07T23:44:00.000,2018.08.07T23:59:00.000,Anthropogenic,Vessel noise
2018.08.08T00:00:00.000,2018.08.08T00:30:00.000,Anthropogenic,Vessel noise
2018.08.08T01:27:00.000,2018.08.08T02:10:00.000,Anthropogenic,Vessel noise
2018.08.08T02:35:00.000,2018.08.08T03:21:00.000,Anthropogenic,Vessel noise
2018.08.08T04:04:00.000,2018.08.08T04:45:00.000,Anthropogenic,Vessel noise
2018.08.08T05:13:00.000,2018.08.08T05:59:00.000,Anthropogenic,Vessel noise
2018.08.08T06:41:00.000,2018.08.08T07:22:00.000,Anthropogenic,Vessel noise
2018.08.08T07:45:00.000,2018.08.08T08:30:00.000,Anthropogenic,Vessel noise
2018.08.08T09:03:00.000,2018.08.08T09:48:00.000,Anthropogenic,Vessel noise
2018.08.08T10:09:00.000,2018.08.08T10:56:00.000,Anthropogenic,Vessel noise
2018.08.08T12:33:00.000,2018.08.08T13:20:00.000,Anthropogenic,Vessel noise
2018.08.08T13:50:00.000,2018.08.08T14:32:00.000,Anthropogenic,Vessel noise
2018.08.08T14:57:00.000,2018.08.08T15:47:00.000,Anthropogenic,Vessel noise
2018.08.08T17:31:00.000,2018.08.08T18:18:00.000,Anthropogenic,Vessel noise
2018.08.08T19:56:00.000,2018.08.08T20:44:00.000,Anthropogenic,Vessel noise
2018.08.08T22:17:00.000,2018.08.08T23:07:00.000,Anthropogenic,Vessel noise
2018.08.09T00:39:00.000,2018.08.09T01:27:00.000,Anthropogenic,Vessel noise
2018.08.09T03:06:00.000,2018.08.09T03:54:00.000,Anthropogenic,Vessel noise
2018.08.09T05:29:00.000,2018.08.09T06:17:00.000,Anthropogenic,Vessel noise
2018.08.09T07:53:00.000,2018.08.09T08:43:00.000,Anthropogenic,Vessel noise
2018.08.09T10:19:00.000,2018.08.09T11:08:00.000,Anthropogenic,Vessel noise
2018.08.09T12:47:00.000,2018.08.09T13:38:00.000,Anthropogenic,Vessel noise
2018.08.09T15:15:00.000,2018.08.09T16:02:00.000,Anthropogenic,Vessel noise
2018.08.09T17:42:00.000,2018.08.09T18:27:00.000,Anthropogenic,Vessel noise
2018.08.09T20:07:00.000,2018.08.09T20:50:00.000,Anthropogenic,Vessel noise
2018.08.09T22:28:00.000,2018.08.09T23:24:00.000,Anthropogenic,Vessel noise
2018.08.10T01:05:00.000,2018.08.10T01:54:00.000,Anthropogenic,Vessel noise
2018.08.10T03:31:00.000,2018.08.10T04:22:00.000,Anthropogenic,Vessel noise
2018.08.10T06:01:00.000,2018.08.10T06:51:00.000,Anthropogenic,Vessel noise
2018.08.10T08:33:00.000,2018.08.10T09:23:00.000,Anthropogenic,Vessel noise
2018.08.10T11:13:00.000,2018.08.10T12:03:00.000,Anthropogenic,Vessel noise
2018.08.10T13:52:00.000,2018.08.10T14:41:00.000,Anthropogenic,Vessel noise
2018.08.10T22:22:00.000,2018.08.10T23:14:00.000,Anthropogenic,Vessel noise
2018.08.11T01:13:00.000,2018.08.11T02:08:00.000,Anthropogenic,Vessel noise
2018.08.11T04:16:00.000,2018.08.11T05:05:00.000,Anthropogenic,Vessel noise
2018.08.11T07:32:00.000,2018.08.11T08:25:00.000,Anthropogenic,Vessel noise
2018.08.11T10:46:00.000,2018.08.11T11:40:00.000,Anthropogenic,Vessel noise
2018.08.11T14:05:00.000,2018.08.11T14:56:00.000,Anthropogenic,Vessel noise
2018.08.11T17:21:00.000,2018.08.11T18:10:00.000,Anthropogenic,Vessel noise
2018.08.11T20:38:00.000,2018.08.11T21:29:00.000,Anthropogenic,Vessel noise
2018.08.12T00:00:00.000,2018.08.12T00:49:00.000,Anthropogenic,Vessel noise
2018.08.12T03:15:00.000,2018.08.12T04:08:00.000,Anthropogenic,Vessel noise
2018.08.12T06:35:00.000,2018.08.12T07:28:00.000,Anthropogenic,Vessel noise
2018.08.12T09:56:00.000,2018.08.12T10:46:00.000,Anthropogenic,Vessel noise
2018.08.12T13:18:00.000,2018.08.12T14:09:00.000,Anthropogenic,Vessel noise
2018.08.12T16:49:00.000,2018.08.12T17:40:00.000,Anthropogenic,Vessel noise
2018.08.12T20:14:00.000,2018.08.12T21:02:00.000,Anthropogenic,Vessel noise
2018.08.12T23:45:00.000,2018.08.12T23:59:00.000,Anthropogenic,Vessel noise
2018.08.13T00:00:00.000,2018.08.13T00:34:00.000,Anthropogenic,Vessel noise
2018.08.13T03:17:00.000,2018.08.13T04:03:00.000,Anthropogenic,Vessel noise
2018.08.13T06:38:00.000,2018.08.13T07:29:00.000,Anthropogenic,Vessel noise
2018.08.13T10:03:00.000,2018.08.13T10:47:00.000,Anthropogenic,Vessel noise
2018.08.13T13:03:00.000,2018.08.13T13:56:00.000,Anthropogenic,Vessel noise
2018.08.13T16:15:00.000,2018.08.13T17:07:00.000,Anthropogenic,Vessel noise
2018.08.13T19:19:00.000,2018.08.13T20:08:00.000,Anthropogenic,Vessel noise
2018.08.13T22:09:00.000,2018.08.13T22:52:00.000,Anthropogenic,Vessel noise
2018.08.14T00:50:00.000,2018.08.14T01:42:00.000,Anthropogenic,Vessel noise
2018.08.14T03:38:00.000,2018.08.14T04:25:00.000,Anthropogenic,Vessel noise
2018.08.14T06:18:00.000,2018.08.14T07:12:00.000,Anthropogenic,Vessel noise
2018.08.14T09:02:00.000,2018.08.14T09:52:00.000,Anthropogenic,Vessel noise
2018.08.14T11:41:00.000,2018.08.14T12:34:00.000,Anthropogenic,Vessel noise
2018.08.14T14:24:00.000,2018.08.14T15:16:00.000,Anthropogenic,Vessel noise
2018.08.14T17:11:00.000,2018.08.14T18:02:00.000,Anthropogenic,Vessel noise
2018.08.14T19:57:00.000,2018.08.14T20:50:00.000,Anthropogenic,Vessel noise
2018.08.14T22:47:00.000,2018.08.14T23:39:00.000,Anthropogenic,Vessel noise
2018.08.15T01:42:00.000,2018.08.15T02:32:00.000,Anthropogenic,Vessel noise
2018.08.15T04:46:00.000,2018.08.15T05:41:00.000,Anthropogenic,Vessel noise
2018.08.15T07:57:00.000,2018.08.15T08:47:00.000,Anthropogenic,Vessel noise
2018.08.15T11:02:00.000,2018.08.15T11:51:00.000,Anthropogenic,Vessel noise
2018.08.15T14:10:00.000,2018.08.15T15:02:00.000,Anthropogenic,Vessel noise
2018.08.15T17:22:00.000,2018.08.15T18:13:00.000,Anthropogenic,Vessel noise
2018.08.15T20:39:00.000,2018.08.15T21:30:00.000,Anthropogenic,Vessel noise
2018.08.15T23:56:00.000,2018.08.15T23:59:00.000,Anthropogenic,Vessel noise
2018.08.16T00:00:00.000,2018.08.16T00:49:00.000,Anthropogenic,Vessel noise
2018.08.16T03:53:00.000,2018.08.16T04:14:00.000,Anthropogenic,Vessel noise
2018.08.16T06:45:00.000,2018.08.16T07:37:00.000,Anthropogenic,Vessel noise
2018.08.16T09:52:00.000,2018.08.16T10:42:00.000,Anthropogenic,Vessel noise
2018.08.16T13:18:00.000,2018.08.16T13:37:00.000,Anthropogenic,Vessel noise
2018.08.16T15:42:00.000,2018.08.16T16:33:00.000,Anthropogenic,Vessel noise
2018.08.16T18:47:00.000,2018.08.16T19:26:00.000,Anthropogenic,Vessel noise
2018.08.16T21:38:00.000,2018.08.16T22:12:00.000,Anthropogenic,Vessel noise
2018.08.17T00:40:00.000,2018.08.17T01:30:00.000,Anthropogenic,Vessel noise
2018.08.17T04:00:00.000,2018.08.17T04:35:00.000,Anthropogenic,Vessel noise
2018.08.17T07:29:00.000,2018.08.17T07:43:00.000,Anthropogenic,Vessel noise
2018.08.17T09:59:00.000,2018.08.17T10:48:00.000,Anthropogenic,Vessel noise
2018.08.17T13:03:00.000,2018.08.17T13:54:00.000,Anthropogenic,Vessel noise
2018.08.17T16:11:00.000,2018.08.17T17:04:00.000,Anthropogenic,Vessel noise
2018.08.17T19:28:00.000,2018.08.17T20:19:00.000,Anthropogenic,Vessel noise
2018.08.17T22:49:00.000,2018.08.17T23:40:00.000,Anthropogenic,Vessel noise
2018.08.18T02:08:00.000,2018.08.18T02:58:00.000,Anthropogenic,Vessel noise
2018.08.18T05:17:00.000,2018.08.18T06:10:00.000,Anthropogenic,Vessel noise
2018.08.18T08:26:00.000,2018.08.18T09:20:00.000,Anthropogenic,Vessel noise
2018.08.18T11:30:00.000,2018.08.18T12:20:00.000,Anthropogenic,Vessel noise
2018.08.18T14:37:00.000,2018.08.18T15:29:00.000,Anthropogenic,Vessel noise
2018.08.18T17:46:00.000,2018.08.18T18:36:00.000,Anthropogenic,Vessel noise
2018.08.18T20:51:00.000,2018.08.18T21:42:00.000,Anthropogenic,Vessel noise
2018.08.18T23:53:00.000,2018.08.18T23:59:00.000,Anthropogenic,Vessel noise
2018.08.19T00:00:00.000,2018.08.19T00:45:00.000,Anthropogenic,Vessel noise
2018.08.19T03:00:00.000,2018.08.19T03:54:00.000,Anthropogenic,Vessel noise
2018.08.19T05:57:00.000,2018.08.19T06:48:00.000,Anthropogenic,Vessel noise
2018.08.19T08:45:00.000,2018.08.19T09:35:00.000,Anthropogenic,Vessel noise
2018.08.19T11:20:00.000,2018.08.19T12:11:00.000,Anthropogenic,Vessel noise
2018.08.19T13:54:00.000,2018.08.19T14:45:00.000,Anthropogenic,Vessel noise
2018.08.19T16:31:00.000,2018.08.19T17:24:00.000,Anthropogenic,Vessel noise
2018.08.19T19:10:00.000,2018.08.19T20:03:00.000,Anthropogenic,Vessel noise
2018.08.19T21:42:00.000,2018.08.19T22:34:00.000,Anthropogenic,Vessel noise
2018.08.20T00:12:00.000,2018.08.20T01:02:00.000,Anthropogenic,Vessel noise
2018.08.20T05:20:00.000,2018.08.20T06:11:00.000,Anthropogenic,Vessel noise
2018.08.20T07:48:00.000,2018.08.20T08:35:00.000,Anthropogenic,Vessel noise
2018.08.20T10:14:00.000,2018.08.20T11:07:00.000,Anthropogenic,Vessel noise
2018.08.20T12:47:00.000,2018.08.20T13:38:00.000,Anthropogenic,Vessel noise
2018.08.20T15:17:00.000,2018.08.20T16:10:00.000,Anthropogenic,Vessel noise
2018.08.20T17:52:00.000,2018.08.20T18:44:00.000,Anthropogenic,Vessel noise
2018.08.20T20:19:00.000,2018.08.20T21:11:00.000,Anthropogenic,Vessel noise
2018.08.20T22:53:00.000,2018.08.20T23:45:00.000,Anthropogenic,Vessel noise
2018.08.21T01:25:00.000,2018.08.21T02:18:00.000,Anthropogenic,Vessel noise
2018.08.21T03:59:00.000,2018.08.21T04:52:00.000,Anthropogenic,Vessel noise
2018.08.21T06:36:00.000,2018.08.21T07:26:00.000,Anthropogenic,Vessel noise
2018.08.21T09:18:00.000,2018.08.21T10:09:00.000,Anthropogenic,Vessel noise
2018.08.21T12:03:00.000,2018.08.21T12:56:00.000,Anthropogenic,Vessel noise
2018.08.21T14:56:00.000,2018.08.21T15:46:00.000,Anthropogenic,Vessel noise
2018.08.21T17:39:00.000,2018.08.21T18:32:00.000,Anthropogenic,Vessel noise
2018.08.21T20:30:00.000,2018.08.21T21:24:00.000,Anthropogenic,Vessel noise
2018.08.21T23:37:00.000,2018.08.21T23:59:00.000,Anthropogenic,Vessel noise
2018.08.22T00:00:00.000,2018.08.22T00:31:00.000,Anthropogenic,Vessel noise
2018.08.22T03:03:00.000,2018.08.22T03:51:00.000,Anthropogenic,Vessel noise
2018.08.22T06:15:00.000,2018.08.22T07:11:00.000,Anthropogenic,Vessel noise
2018.08.22T09:43:00.000,2018.08.22T10:38:00.000,Anthropogenic,Vessel noise
2018.08.22T13:09:00.000,2018.08.22T13:59:00.000,Anthropogenic,Vessel noise
2018.08.22T16:27:00.000,2018.08.22T17:16:00.000,Anthropogenic,Vessel noise
2018.08.22T19:57:00.000,2018.08.22T20:51:00.000,Anthropogenic,Vessel noise
2018.08.22T23:31:00.000,2018.08.22T23:59:00.000,Anthropogenic,Vessel noise
2018.08.23T00:00:00.000,2018.08.23T00:24:00.000,Anthropogenic,Vessel noise
2018.08.23T03:00:00.000,2018.08.23T03:54:00.000,Anthropogenic,Vessel noise
2018.08.23T06:24:00.000,2018.08.23T07:16:00.000,Anthropogenic,Vessel noise
2018.08.23T09:59:00.000,2018.08.23T10:53:00.000,Anthropogenic,Vessel noise
2018.08.23T13:34:00.000,2018.08.23T14:29:00.000,Anthropogenic,Vessel noise
2018.08.23T17:04:00.000,2018.08.23T17:55:00.000,Anthropogenic,Vessel noise
2018.08.23T20:24:00.000,2018.08.23T21:18:00.000,Anthropogenic,Vessel noise
2018.08.23T23:47:00.000,2018.08.23T23:59:00.000,Anthropogenic,Vessel noise
2018.08.24T00:00:00.000,2018.08.24T00:40:00.000,Anthropogenic,Vessel noise
2018.08.24T03:07:00.000,2018.08.24T04:00:00.000,Anthropogenic,Vessel noise
2018.08.24T06:19:00.000,2018.08.24T07:10:00.000,Anthropogenic,Vessel noise
2018.08.24T09:09:00.000,2018.08.24T10:01:00.000,Anthropogenic,Vessel noise
2018.08.24T12:01:00.000,2018.08.24T12:56:00.000,Anthropogenic,Vessel noise
2018.08.24T14:58:00.000,2018.08.24T15:51:00.000,Anthropogenic,Vessel noise
2018.08.24T17:56:00.000,2018.08.24T18:47:00.000,Anthropogenic,Vessel noise
2018.08.24T20:43:00.000,2018.08.24T21:36:00.000,Anthropogenic,Vessel noise
2018.08.24T23:31:00.000,2018.08.24T23:59:00.000,Anthropogenic,Vessel noise
2018.08.25T00:00:00.000,2018.08.25T00:22:00.000,Anthropogenic,Vessel noise
2018.08.25T02:14:00.000,2018.08.25T03:05:00.000,Anthropogenic,Vessel noise
2018.08.25T05:04:00.000,2018.08.25T05:59:00.000,Anthropogenic,Vessel noise
2018.08.25T07:48:00.000,2018.08.25T08:41:00.000,Anthropogenic,Vessel noise
2018.08.25T10:30:00.000,2018.08.25T11:22:00.000,Anthropogenic,Vessel noise
2018.08.25T13:10:00.000,2018.08.25T14:05:00.000,Anthropogenic,Vessel noise
2018.08.25T15:54:00.000,2018.08.25T16:46:00.000,Anthropogenic,Vessel noise
2018.08.25T18:36:00.000,2018.08.25T19:28:00.000,Anthropogenic,Vessel noise
2018.08.25T21:20:00.000,2018.08.25T22:15:00.000,Anthropogenic,Vessel noise
2018.08.26T00:06:00.000,2018.08.26T00:59:00.000,Anthropogenic,Vessel noise
2018.08.26T02:52:00.000,2018.08.26T03:46:00.000,Anthropogenic,Vessel noise
2018.08.26T05:50:00.000,2018.08.26T06:44:00.000,Anthropogenic,Vessel noise
2018.08.26T08:35:00.000,2018.08.26T09:26:00.000,Anthropogenic,Vessel noise
2018.08.26T11:23:00.000,2018.08.26T12:17:00.000,Anthropogenic,Vessel noise
2018.08.26T14:09:00.000,2018.08.26T15:02:00.000,Anthropogenic,Vessel noise
2018.08.26T17:03:00.000,2018.08.26T17:52:00.000,Anthropogenic,Vessel noise
2018.08.26T19:51:00.000,2018.08.26T20:41:00.000,Anthropogenic,Vessel noise
2018.08.26T22:43:00.000,2018.08.26T23:35:00.000,Anthropogenic,Vessel noise
2018.08.27T01:34:00.000,2018.08.27T02:25:00.000,Anthropogenic,Vessel noise
2018.08.27T04:41:00.000,2018.08.27T05:35:00.000,Anthropogenic,Vessel noise
2018.08.27T07:42:00.000,2018.08.27T08:34:00.000,Anthropogenic,Vessel noise
2018.08.27T10:45:00.000,2018.08.27T11:37:00.000,Anthropogenic,Vessel noise
2018.08.27T13:45:00.000,2018.08.27T14:37:00.000,Anthropogenic,Vessel noise
2018.08.27T16:46:00.000,2018.08.27T17:38:00.000,Anthropogenic,Vessel noise
2018.08.27T19:44:00.000,2018.08.27T20:37:00.000,Anthropogenic,Vessel noise
2018.08.27T22:43:00.000,2018.08.27T23:36:00.000,Anthropogenic,Vessel noise
2018.08.28T01:39:00.000,2018.08.28T02:33:00.000,Anthropogenic,Vessel noise
2018.08.28T04:37:00.000,2018.08.28T05:30:00.000,Anthropogenic,Vessel noise
2018.08.28T07:29:00.000,2018.08.28T08:22:00.000,Anthropogenic,Vessel noise
2018.08.28T10:28:00.000,2018.08.28T11:18:00.000,Anthropogenic,Vessel noise
2018.08.28T13:34:00.000,2018.08.28T14:27:00.000,Anthropogenic,Vessel noise
2018.08.28T17:04:00.000,2018.08.28T17:58:00.000,Anthropogenic,Vessel noise
2018.08.28T20:22:00.000,2018.08.28T21:14:00.000,Anthropogenic,Vessel noise
2018.08.28T23:35:00.000,2018.08.28T23:59:00.000,Anthropogenic,Vessel noise
2018.08.29T00:00:00.000,2018.08.29T00:29:00.000,Anthropogenic,Vessel noise
2018.08.29T02:56:00.000,2018.08.29T03:47:00.000,Anthropogenic,Vessel noise
2018.08.29T06:14:00.000,2018.08.29T07:05:00.000,Anthropogenic,Vessel noise
2018.08.29T09:42:00.000,2018.08.29T10:36:00.000,Anthropogenic,Vessel noise
2018.08.29T13:39:00.000,2018.08.29T14:07:00.000,Anthropogenic,Vessel noise
2018.08.29T16:59:00.000,2018.08.29T17:45:00.000,Anthropogenic,Vessel noise
2018.08.29T20:14:00.000,2018.08.29T21:05:00.000,Anthropogenic,Vessel noise
2018.08.29T23:39:00.000,2018.08.29T23:59:00.000,Anthropogenic,Vessel noise
2018.08.30T00:00:00.000,2018.08.30T00:32:00.000,Anthropogenic,Vessel noise
2018.08.30T03:16:00.000,2018.08.30T04:08:00.000,Anthropogenic,Vessel noise
2018.08.30T06:55:00.000,2018.08.30T07:47:00.000,Anthropogenic,Vessel noise
2018.08.30T10:43:00.000,2018.08.30T11:35:00.000,Anthropogenic,Vessel noise
2018.08.30T14:31:00.000,2018.08.30T15:22:00.000,Anthropogenic,Vessel noise
2018.07.23T00:27:00.000,2018.07.23T00:39:00.000,Biophonic,Fin whale
2018.07.23T01:26:00.000,2018.07.23T01:34:00.000,Biophonic,Fin whale
2018.07.23T05:58:00.000,2018.07.23T06:07:00.000,Biophonic,Fin whale
2018.07.23T06:42:00.000,2018.07.23T07:12:00.000,Biophonic,Fin whale
2018.07.23T10:04:00.000,2018.07.23T10:28:00.000,Biophonic,Fin whale
2018.07.23T10:58:00.000,2018.07.23T11:24:00.000,Biophonic,Fin whale
2018.07.23T15:31:00.000,2018.07.23T15:35:00.000,Biophonic,Fin whale
2018.07.23T19:26:00.000,2018.07.23T19:35:00.000,Biophonic,Fin whale
2018.07.23T21:34:00.000,2018.07.23T22:04:00.000,Biophonic,Fin whale
2018.07.24T06:24:00.000,2018.07.24T06:49:00.000,Biophonic,Fin whale
2018.07.24T14:38:00.000,2018.07.24T15:14:00.000,Biophonic,Fin whale
2018.07.24T15:59:00.000,2018.07.24T16:26:00.000,Biophonic,Fin whale
2018.07.24T18:49:00.000,2018.07.24T19:14:00.000,Biophonic,Fin whale
2018.07.25T14:32:00.000,2018.07.25T14:53:00.000,Biophonic,Fin whale
2018.07.25T22:26:00.000,2018.07.25T22:47:00.000,Biophonic,Fin whale
2018.07.26T02:24:00.000,2018.07.26T02:30:00.000,Biophonic,Fin whale
2018.07.26T09:57:00.000,2018.07.26T10:21:00.000,Biophonic,Fin whale
2018.07.27T03:15:00.000,2018.07.27T03:48:00.000,Biophonic,Fin whale
2018.07.27T20:23:00.000,2018.07.27T20:38:00.000,Biophonic,Fin whale
2018.07.27T21:31:00.000,2018.07.27T21:53:00.000,Biophonic,Fin whale
2018.07.28T00:15:00.000,2018.07.28T00:42:00.000,Biophonic,Fin whale
2018.07.28T08:22:00.000,2018.07.28T08:46:00.000,Biophonic,Fin whale
2018.07.28T09:46:00.000,2018.07.28T10:04:00.000,Biophonic,Fin whale
2018.07.28T13:06:00.000,2018.07.28T13:37:00.000,Biophonic,Fin whale
2018.07.28T14:16:00.000,2018.07.28T14:56:00.000,Biophonic,Fin whale
2018.07.28T15:28:00.000,2018.07.28T15:48:00.000,Biophonic,Fin whale
2018.07.28T19:06:00.000,2018.07.28T19:38:00.000,Biophonic,Fin whale
2018.07.28T20:02:00.000,2018.07.28T20:43:00.000,Biophonic,Fin whale
2018.07.29T00:34:00.000,2018.07.29T00:57:00.000,Biophonic,Fin whale
2018.07.29T06:03:00.000,2018.07.29T06:40:00.000,Biophonic,Fin whale
2018.07.29T07:04:00.000,2018.07.29T07:15:00.000,Biophonic,Fin whale
2018.07.29T10:33:00.000,2018.07.29T10:59:00.000,Biophonic,Fin whale
2018.07.29T15:52:00.000,2018.07.29T16:26:00.000,Biophonic,Fin whale
2018.07.29T19:38:00.000,2018.07.29T19:56:00.000,Biophonic,Fin whale
2018.07.29T21:41:00.000,2018.07.29T22:10:00.000,Biophonic,Fin whale
2018.07.29T22:35:00.000,2018.07.29T23:10:00.000,Biophonic,Fin whale
2018.07.30T03:08:00.000,2018.07.30T03:36:00.000,Biophonic,Fin whale
2018.07.30T04:17:00.000,2018.07.30T04:39:00.000,Biophonic,Fin whale
2018.07.30T07:44:00.000,2018.07.30T07:51:00.000,Biophonic,Fin whale
2018.07.30T14:02:00.000,2018.07.30T14:31:00.000,Biophonic,Fin whale
2018.07.30T19:14:00.000,2018.07.30T19:38:00.000,Biophonic,Fin whale
2018.07.30T20:39:00.000,2018.07.30T21:01:00.000,Biophonic,Fin whale
2018.07.30T22:08:00.000,2018.07.30T22:32:00.000,Biophonic,Fin whale
2018.07.30T23:43:00.000,2018.07.30T23:44:00.000,Biophonic,Fin whale
2018.07.31T01:13:00.000,2018.07.31T01:34:00.000,Biophonic,Fin whale
2018.07.31T04:11:00.000,2018.07.31T04:29:00.000,Biophonic,Fin whale
2018.07.31T05:28:00.000,2018.07.31T05:51:00.000,Biophonic,Fin whale
2018.07.31T09:35:00.000,2018.07.31T10:13:00.000,Biophonic,Fin whale
2018.07.31T17:23:00.000,2018.07.31T17:52:00.000,Biophonic,Fin whale
2018.07.31T18:38:00.000,2018.07.31T19:14:00.000,Biophonic,Fin whale
2018.07.31T21:46:00.000,2018.07.31T22:16:00.000,Biophonic,Fin whale
2018.08.01T07:44:00.000,2018.08.01T08:09:00.000,Biophonic,Fin whale
2018.08.01T16:01:00.000,2018.08.01T16:27:00.000,Biophonic,Fin whale
2018.08.01T20:45:00.000,2018.08.01T20:48:00.000,Biophonic,Fin whale
2018.08.01T22:24:00.000,2018.08.01T22:25:00.000,Biophonic,Fin whale
2018.08.02T01:27:00.000,2018.08.02T02:00:00.000,Biophonic,Fin whale
2018.08.02T14:31:00.000,2018.08.02T14:57:00.000,Biophonic,Fin whale
2018.08.03T00:50:00.000,2018.08.03T01:23:00.000,Biophonic,Fin whale
2018.08.03T08:36:00.000,2018.08.03T08:52:00.000,Biophonic,Fin whale
2018.08.03T09:34:00.000,2018.08.03T10:07:00.000,Biophonic,Fin whale
2018.08.04T16:50:00.000,2018.08.04T17:09:00.000,Biophonic,Fin whale
2018.08.04T22:57:00.000,2018.08.04T23:19:00.000,Biophonic,Fin whale
2018.08.05T10:10:00.000,2018.08.05T10:37:00.000,Biophonic,Fin whale
2018.08.05T16:56:00.000,2018.08.05T17:26:00.000,Biophonic,Fin whale
2018.08.06T14:44:00.000,2018.08.06T15:08:00.000,Biophonic,Fin whale
2018.08.06T20:13:00.000,2018.08.06T20:23:00.000,Biophonic,Fin whale
2018.08.07T05:28:00.000,2018.08.07T05:44:00.000,Biophonic,Fin whale
2018.08.07T08:17:00.000,2018.08.07T08:44:00.000,Biophonic,Fin whale
2018.08.07T12:54:00.000,2018.08.07T12:55:00.000,Biophonic,Fin whale
2018.08.07T20:59:00.000,2018.08.07T21:16:00.000,Biophonic,Fin whale
2018.08.08T01:27:00.000,2018.08.08T01:38:00.000,Biophonic,Fin whale
2018.08.08T02:42:00.000,2018.08.08T03:21:00.000,Biophonic,Fin whale
2018.08.08T14:04:00.000,2018.08.08T14:13:00.000,Biophonic,Fin whale
2018.08.09T05:34:00.000,2018.08.09T05:41:00.000,Biophonic,Fin whale
2018.08.09T20:09:00.000,2018.08.09T20:29:00.000,Biophonic,Fin whale
2018.08.09T22:44:00.000,2018.08.09T23:24:00.000,Biophonic,Fin whale
2018.08.10T01:14:00.000,2018.08.10T01:55:00.000,Biophonic,Fin whale
2018.08.10T04:13:00.000,2018.08.10T04:22:00.000,Biophonic,Fin whale
2018.08.10T06:05:00.000,2018.08.10T06:15:00.000,Biophonic,Fin whale
2018.08.10T09:10:00.000,2018.08.10T09:19:00.000,Biophonic,Fin whale
2018.08.10T11:30:00.000,2018.08.10T12:03:00.000,Biophonic,Fin whale
2018.08.10T13:54:00.000,2018.08.10T14:41:00.000,Biophonic,Fin whale
2018.08.11T14:37:00.000,2018.08.11T14:56:00.000,Biophonic,Fin whale
2018.08.11T17:40:00.000,2018.08.11T17:58:00.000,Biophonic,Fin whale
2018.08.12T00:01:00.000,2018.08.12T00:49:00.000,Biophonic,Fin whale
2018.08.12T03:34:00.000,2018.08.12T03:50:00.000,Biophonic,Fin whale
2018.08.12T06:36:00.000,2018.08.12T07:13:00.000,Biophonic,Fin whale
2018.08.12T10:36:00.000,2018.08.12T10:46:00.000,Biophonic,Fin whale
2018.08.12T13:20:00.000,2018.08.12T14:06:00.000,Biophonic,Fin whale
2018.08.12T23:49:00.000,2018.08.12T23:59:00.000,Biophonic,Fin whale
2018.08.13T00:00:00.000,2018.08.13T00:34:00.000,Biophonic,Fin whale
2018.08.13T03:19:00.000,2018.08.13T04:03:00.000,Biophonic,Fin whale
2018.08.13T06:41:00.000,2018.08.13T07:23:00.000,Biophonic,Fin whale
2018.08.13T10:18:00.000,2018.08.13T10:46:00.000,Biophonic,Fin whale
2018.08.13T19:37:00.000,2018.08.13T19:55:00.000,Biophonic,Fin whale
2018.08.13T22:29:00.000,2018.08.13T22:50:00.000,Biophonic,Fin whale
2018.08.14T01:02:00.000,2018.08.14T01:29:00.000,Biophonic,Fin whale
2018.08.14T06:31:00.000,2018.08.14T07:07:00.000,Biophonic,Fin whale
2018.08.14T11:47:00.000,2018.08.14T12:34:00.000,Biophonic,Fin whale
2018.08.14T20:12:00.000,2018.08.14T20:13:00.000,Biophonic,Fin whale
2018.08.15T02:16:00.000,2018.08.15T02:32:00.000,Biophonic,Fin whale
2018.08.15T05:27:00.000,2018.08.15T05:40:00.000,Biophonic,Fin whale
2018.08.15T08:03:00.000,2018.08.15T08:46:00.000,Biophonic,Fin whale
2018.08.15T14:11:00.000,2018.08.15T14:30:00.000,Biophonic,Fin whale
2018.08.15T20:43:00.000,2018.08.15T21:30:00.000,Biophonic,Fin whale
2018.08.15T23:59:00.000,2018.08.15T00:25:00.000,Biophonic,Fin whale
2018.08.16T21:43:00.000,2018.08.16T22:26:00.000,Biophonic,Fin whale
2018.08.17T10:19:00.000,2018.08.17T10:29:00.000,Biophonic,Fin whale
2018.08.17T16:45:00.000,2018.08.17T16:50:00.000,Biophonic,Fin whale
2018.08.17T19:40:00.000,2018.08.17T20:19:00.000,Biophonic,Fin whale
2018.08.17T23:02:00.000,2018.08.17T23:26:00.000,Biophonic,Fin whale
2018.08.18T02:09:00.000,2018.08.18T02:58:00.000,Biophonic,Fin whale
2018.08.18T06:01:00.000,2018.08.18T06:07:00.000,Biophonic,Fin whale
2018.08.18T08:27:00.000,2018.08.18T09:19:00.000,Biophonic,Fin whale
2018.08.18T11:34:00.000,2018.08.18T12:20:00.000,Biophonic,Fin whale
2018.08.18T20:56:00.000,2018.08.18T21:42:00.000,Biophonic,Fin whale
2018.08.19T06:25:00.000,2018.08.19T06:48:00.000,Biophonic,Fin whale
2018.08.19T21:48:00.000,2018.08.19T22:34:00.000,Biophonic,Fin whale
2018.08.20T00:13:00.000,2018.08.20T01:02:00.000,Biophonic,Fin whale
2018.08.20T13:08:00.000,2018.08.20T13:37:00.000,Biophonic,Fin whale
2018.08.20T15:19:00.000,2018.08.20T16:10:00.000,Biophonic,Fin whale
2018.08.20T18:05:00.000,2018.08.20T18:44:00.000,Biophonic,Fin whale
2018.08.20T20:21:00.000,2018.08.20T21:11:00.000,Biophonic,Fin whale
2018.08.20T23:16:00.000,2018.08.20T23:45:00.000,Biophonic,Fin whale
2018.08.21T01:26:00.000,2018.08.21T02:18:00.000,Biophonic,Fin whale
2018.08.21T04:01:00.000,2018.08.21T04:50:00.000,Biophonic,Fin whale
2018.08.21T09:23:00.000,2018.08.21T10:07:00.000,Biophonic,Fin whale
2018.08.21T12:04:00.000,2018.08.21T12:56:00.000,Biophonic,Fin whale
2018.08.21T15:00:00.000,2018.08.21T15:46:00.000,Biophonic,Fin whale
2018.08.21T18:21:00.000,2018.08.21T18:30:00.000,Biophonic,Fin whale
2018.08.21T20:42:00.000,2018.08.21T21:24:00.000,Biophonic,Fin whale
2018.08.21T23:38:00.000,2018.08.21T00:31:00.000,Biophonic,Fin whale
2018.08.22T02:59:00.000,2018.08.22T03:51:00.000,Biophonic,Fin whale
2018.08.22T06:17:00.000,2018.08.22T07:11:00.000,Biophonic,Fin whale
2018.08.22T09:51:00.000,2018.08.22T10:38:00.000,Biophonic,Fin whale
2018.08.22T16:31:00.000,2018.08.22T17:16:00.000,Biophonic,Fin whale
2018.08.23T17:09:00.000,2018.08.23T17:55:00.000,Biophonic,Fin whale
2018.08.23T20:32:00.000,2018.08.23T21:08:00.000,Biophonic,Fin whale
2018.08.24T00:12:00.000,2018.08.24T00:40:00.000,Biophonic,Fin whale
2018.08.24T06:47:00.000,2018.08.24T06:57:00.000,Biophonic,Fin whale
2018.08.24T09:25:00.000,2018.08.24T09:58:00.000,Biophonic,Fin whale
2018.08.24T20:46:00.000,2018.08.24T21:36:00.000,Biophonic,Fin whale
2018.08.25T08:10:00.000,2018.08.25T08:41:00.000,Biophonic,Fin whale
2018.08.25T10:51:00.000,2018.08.25T11:22:00.000,Biophonic,Fin whale
2018.08.25T13:11:00.000,2018.08.25T14:05:00.000,Biophonic,Fin whale
2018.08.25T16:03:00.000,2018.08.25T16:36:00.000,Biophonic,Fin whale
2018.08.25T18:40:00.000,2018.08.25T19:28:00.000,Biophonic,Fin whale
2018.08.25T21:25:00.000,2018.08.25T22:15:00.000,Biophonic,Fin whale
2018.08.26T00:13:00.000,2018.08.26T00:59:00.000,Biophonic,Fin whale
2018.08.26T02:53:00.000,2018.08.26T03:46:00.000,Biophonic,Fin whale
2018.08.26T05:56:00.000,2018.08.26T06:43:00.000,Biophonic,Fin whale
2018.08.26T08:43:00.000,2018.08.26T09:26:00.000,Biophonic,Fin whale
2018.08.26T11:25:00.000,2018.08.26T12:17:00.000,Biophonic,Fin whale
2018.08.26T14:16:00.000,2018.08.26T15:01:00.000,Biophonic,Fin whale
2018.08.26T17:18:00.000,2018.08.26T17:52:00.000,Biophonic,Fin whale
2018.08.26T20:09:00.000,2018.08.26T20:41:00.000,Biophonic,Fin whale
2018.08.26T23:00:00.000,2018.08.26T23:35:00.000,Biophonic,Fin whale
2018.08.27T01:39:00.000,2018.08.27T02:24:00.000,Biophonic,Fin whale
2018.08.27T04:45:00.000,2018.08.27T05:35:00.000,Biophonic,Fin whale
2018.08.27T07:43:00.000,2018.08.27T08:34:00.000,Biophonic,Fin whale
2018.08.27T10:46:00.000,2018.08.27T11:37:00.000,Biophonic,Fin whale
2018.08.27T13:46:00.000,2018.08.27T14:37:00.000,Biophonic,Fin whale
2018.08.27T16:47:00.000,2018.08.27T17:38:00.000,Biophonic,Fin whale
2018.08.27T19:55:00.000,2018.08.27T20:37:00.000,Biophonic,Fin whale
2018.08.27T22:44:00.000,2018.08.27T23:26:00.000,Biophonic,Fin whale
2018.08.28T01:39:00.000,2018.08.28T02:33:00.000,Biophonic,Fin whale
2018.08.28T04:37:00.000,2018.08.28T05:30:00.000,Biophonic,Fin whale
2018.08.28T07:30:00.000,2018.08.28T08:22:00.000,Biophonic,Fin whale
2018.08.28T10:29:00.000,2018.08.28T11:18:00.000,Biophonic,Fin whale
2018.08.28T13:35:00.000,2018.08.28T14:27:00.000,Biophonic,Fin whale
2018.08.28T17:11:00.000,2018.08.28T17:58:00.000,Biophonic,Fin whale
2018.08.28T20:22:00.000,2018.08.28T21:14:00.000,Biophonic,Fin whale
2018.08.28T23:35:00.000,2018.08.28T00:29:00.000,Biophonic,Fin whale
2018.08.29T02:57:00.000,2018.08.29T03:47:00.000,Biophonic,Fin whale
2018.08.29T06:17:00.000,2018.08.29T07:05:00.000,Biophonic,Fin whale
2018.08.29T10:12:00.000,2018.08.29T10:36:00.000,Biophonic,Fin whale
2018.08.29T13:39:00.000,2018.08.29T14:07:00.000,Biophonic,Fin whale
2018.08.29T16:57:00.000,2018.08.29T17:45:00.000,Biophonic,Fin whale
2018.08.29T20:16:00.000,2018.08.29T21:04:00.000,Biophonic,Fin whale
2018.08.30T00:13:00.000,2018.08.30T00:19:00.000,Biophonic,Fin whale
2018.08.30T03:30:00.000,2018.08.30T04:08:00.000,Biophonic,Fin whale
2018.08.30T10:52:00.000,2018.08.30T11:34:00.000,Biophonic,Fin whale
2018.08.30T14:42:00.000,2018.08.30T15:18:00.000,Biophonic,Fin whale
2018.07.27T16:25:00.000,2018.07.27T16:40:00.000,Biophonic,Blackfish
2018.07.27T17:03:00.000,2018.07.27T17:51:00.000,Biophonic,Blackfish
2018.07.27T18:47:00.000,2018.07.27T19:30:00.000,Biophonic,Blackfish
2018.07.27T19:50:00.000,2018.07.27T20:35:00.000,Biophonic,Blackfish
2018.07.29T16:20:00.000,2018.07.29T16:21:00.000,Biophonic,Blackfish
2018.07.29T17:11:00.000,2018.07.29T17:39:00.000,Biophonic,Blackfish
2018.07.29T18:07:00.000,2018.07.29T18:42:00.000,Biophonic,Blackfish
2018.07.30T17:51:00.000,2018.07.30T17:53:00.000,Biophonic,Blackfish
2018.07.31T12:26:00.000,2018.07.31T13:14:00.000,Biophonic,Blackfish
2018.07.31T14:24:00.000,2018.07.31T15:06:00.000,Biophonic,Blackfish
2018.07.31T15:33:00.000,2018.07.31T16:03:00.000,Biophonic,Blackfish
2018.07.31T17:23:00.000,2018.07.31T17:53:00.000,Biophonic,Blackfish
2018.07.31T19:05:00.000,2018.07.31T19:12:00.000,Biophonic,Blackfish
2018.07.31T21:34:00.000,2018.07.31T21:44:00.000,Biophonic,Blackfish
2018.08.07T22:45:00.000,2018.08.07T23:54:00.000,Biophonic,Blackfish
2018.08.08T12:33:00.000,2018.08.08T13:15:00.000,Biophonic,Blackfish
2018.08.08T13:51:00.000,2018.08.08T13:54:00.000,Biophonic,Blackfish
2018.08.08T14:25:00.000,2018.08.08T14:26:00.000,Biophonic,Blackfish
2018.08.08T22:17:00.000,2018.08.08T23:07:00.000,Biophonic,Blackfish
2018.08.09T00:41:00.000,2018.08.09T01:27:00.000,Biophonic,Blackfish
2018.07.30T15:18:00.000,2018.07.30T15:35:00.000,Biophonic,Sperm whale
2018.07.30T16:26:00.000,2018.07.30T16:59:00.000,Biophonic,Sperm whale
2018.07.30T17:49:00.000,2018.07.30T18:05:00.000,Biophonic,Sperm Whale
2018.07.30T18:59:00.000,2018.07.30T19:38:00.000,Biophonic,Sperm Whale
2018.07.30T20:39:00.000,2018.07.30T21:04:00.000,Biophonic,Sperm Whale
2018.07.30T22:00:00.000,2018.07.30T22:22:00.000,Biophonic,Sperm Whale
2018.07.31T01:21:00.000,2018.07.31T01:30:00.000,Biophonic,Sperm Whale
2018.07.31T03:53:00.000,2018.07.31T04:28:00.000,Biophonic,Sperm Whale
2018.07.31T09:46:00.000,2018.07.31T10:15:00.000,Biophonic,Sperm Whale
2018.07.31T11:23:00.000,2018.07.31T11:54:00.000,Biophonic,Sperm Whale
2018.07.31T15:45:00.000,2018.07.31T16:12:00.000,Biophonic,Sperm whale
2018.07.31T18:38:00.000,2018.07.31T19:12:00.000,Biophonic,Sperm whale
2018.07.31T20:23:00.000,2018.07.31T20:51:00.000,Biophonic,Sperm Whale
2018.08.02T04:46:00.000,2018.08.02T04:52:00.000,Biophonic,Sperm Whale
2018.08.02T05:48:00.000,2018.08.02T06:19:00.000,Biophonic,Sperm Whale
2018.08.02T07:26:00.000,2018.08.02T07:28:00.000,Biophonic,Sperm Whale
2018.08.15T08:29:00.000,2018.08.15T08:44:00.000,Biophonic,Sperm whale
